shifts,total_calls,w_avg_p50_resp_min,w_avg_p90_resp_min,w_avg_avg_resp_min,units
2713,63185,3.5796187749996053,7.86805684254515,4.579563635894426,49
