shifts,total_calls,w_avg_p50_resp_min,w_avg_p90_resp_min,w_avg_avg_resp_min,units
2713,63185,3.3141502757595482,7.085663374329017,4.198565641892728,49
