shifts,total_calls,w_avg_p50_resp_min,w_avg_p90_resp_min,w_avg_avg_resp_min,units
2713,63185,3.582926376974713,7.852689072344596,4.5791843446129,49
