shifts,total_calls,w_avg_p50_resp_min,w_avg_p90_resp_min,w_avg_avg_resp_min,units
2713,63185,3.3138043314146657,7.104039193473009,4.20481325791389,49
