shifts,total_calls,w_avg_p50_resp_min,w_avg_p90_resp_min,w_avg_avg_resp_min,units
2713,63185,1.3299127885114863,4.086295585830352,1.9787444107678636,49
