shifts,total_calls,w_avg_p50_resp_min,w_avg_p90_resp_min,w_avg_avg_resp_min,units
2713,63185,4.169801783883746,8.154097261379803,4.983220530745608,49
