shifts,total_calls,w_avg_p50_resp_min,w_avg_p90_resp_min,w_avg_avg_resp_min,units
2713,63185,3.6044300889061054,7.91222950037211,4.616136968428805,49
